'Page Number;'Type;'Text;'Confidence Score % (Line)
'1;'LINE;'CUPÓN DE PAGO EN:;'98.82493591
'1;'LINE;'DOLARES;'99.52487183
'1;'LINE;'Bancolombia;'99.45651245
'1;'LINE;'MasterCard;'99.01148224
'1;'LINE;'NIT: 890.903.938-8;'99.29368591
'1;'LINE;'812;'99.30584717
'1;'LINE;'SEÑOR (A):;'98.90276337
'1;'LINE;'FECHA DE PAGO;'99.41001129
'1;'LINE;'Tarjeta:;'98.83749390
'1;'LINE;'AÑO;'99.41585541
'1;'LINE;'MES;'99.56054688
'1;'LINE;'DÍA;'98.92438507
'1;'LINE;'FORMA DE PAGO;'99.31806946
'1;'LINE;'VALOR;'99.63787079
'1;'LINE;'EFECTIVO;'99.67693329
'1;'LINE;'CHEQUE;'99.84375000
'1;'LINE;'BANCO;'99.72417450
'1;'LINE;'NÚMERO;'98.44865417
'1;'LINE;'Bancolombia;'99.63229370
'1;'LINE;'MasterCard;'99.19862366
'1;'LINE;'NIT: 890.903.938-8;'98.93933868
'1;'LINE;'ESTADO DE CUENTA EN:;'99.21720886
'1;'LINE;'DOLARES;'99.64445496
'1;'LINE;'Recuerda estar al día en el pago de tu tarjeta;'99.18580627
'1;'LINE;'Evolucionamos nuestra imagen;'99.74343872
'1;'LINE;'para evitar cobro de intereses por mora, débitos a;'98.72105408
'1;'LINE;'pero tus tarjetas siguen;'99.53294373
'1;'LINE;'tus cuentas y el bloqueo de tu tarjeta.;'98.38832092
'1;'LINE;'siendo válidas.;'99.12178802
'1;'LINE;'Recuerda estar al día en el pago de tu tarjeta para evitar cobro de intereses por mora, débitos a tus cuentas y el bloqueo de tu tarjeta.;'97.92894745
'1;'LINE;'Cupo Total;'99.17699432
'1;'LINE;'Cupo de Avances;'99.30950165
'1;'LINE;'Período Facturado;'98.92897034
'1;'LINE;'$ 14,000,000.00;'90.44343567
'1;'LINE;'$ 14,000,000.00;'90.87770844
'1;'LINE;'Desde: 30/12/2024;'99.61634827
'1;'LINE;'Hasta: 30/01/2025;'99.23847961
'1;'LINE;'Disponible Total;'99.54021454
'1;'LINE;'Disponible Avances;'99.30146027
'1;'LINE;'Pague antes de;'99.21456909
'1;'LINE;'Valor Pagado;'99.05133820
'1;'LINE;'$ 3,489,559.70;'74.07784271
'1;'LINE;'$ 3,489,559.70;'67.04141235
'1;'LINE;'17/02/2025;'99.85271454
'1;'LINE;'Tasas de interés vigente;'99.27041626
'1;'LINE;'Resumen Saldo Total;'99.31248474
'1;'LINE;'Resumen Pago Mínimo;'99.31846619
'1;'LINE;'Saldo anterior;'99.01347351
'1;'LINE;'2,165.50;'99.67534637
'1;'LINE;'Saldo en mora;'98.30882263
'1;'LINE;'0.00;'99.55895233
'1;'LINE;'M.V.;'98.46719360
'1;'LINE;'E.A.;'70.19052887
'1;'LINE;'+ Compras del mes;'97.01675415
'1;'LINE;'853.34;'99.64764404
'1;'LINE;'+ Cuota compras del mes;'97.05131531
'1;'LINE;'19.12;'99.56472778
'1;'LINE;'+ Intereses de mora;'96.80957794
'1;'LINE;'0.00;'99.61914063
'1;'LINE;'+ Intereses de mora;'97.14121246
'1;'LINE;'0.00;'99.83398438
'1;'LINE;'Compra Internacional;'99.26856995
'1;'LINE;'1,8646%;'81.76519012
'1;'LINE;'24,8186%;'76.76578522
'1;'LINE;'+ Intereses corrientes;'96.73030853
'1;'LINE;'1.49;'99.41007233
'1;'LINE;'+ Intereses corrientes;'96.23577881
'1;'LINE;'1.49;'99.68590546
'1;'LINE;'Avance Internacional;'99.43898010
'1;'LINE;'1,8646%;'80.90142822
'1;'LINE;'24,8186%;'75.42908478
'1;'LINE;'+ Avances;'94.79372406
'1;'LINE;'0.00;'99.68750000
'1;'LINE;'+ Cuota avances;'96.62195587
'1;'LINE;'0.00;'99.81445313
'1;'LINE;'Mora;'99.48899841
'1;'LINE;'1,8646%;'79.25123596
'1;'LINE;'24,8186%;'78.95866394
'1;'LINE;'+ Otros cargos;'96.14669800
'1;'LINE;'0.00;'99.50195313
'1;'LINE;'+ Otros cargos;'96.31217957
'1;'LINE;'0.00;'99.75585938
'1;'LINE;'Pagos abonos;'98.42454529
'1;'LINE;'2,331.60;'99.72417450
'1;'LINE;'+ Cuota compras anteriores;'97.14993286
'1;'LINE;'0.00;'99.75505829
'1;'LINE;'Saldo a favor;'95.59852600
'1;'LINE;'0.00;'99.54101563
'1;'LINE;'Saldo a favor;'97.58649445
'1;'LINE;'0.00;'99.61834717
'1;'LINE;'Pagos total;'99.45681000
'1;'LINE;'689.00;'99.77458954
'1;'LINE;'Pago mínimo;'98.89021301
'1;'LINE;'21.00;'99.79492188
'1;'LINE;'Otros cargos: Este valor incluye los siguientes conceptos: Comisión avance, cuota de manejo, IVA por reexpedición, GMF y cobro por reexpedición;'97.10111237
'1;'LINE;'Con Bancolombia Acumulas + Más Puntos Colombia. Consulta tu saldo de puntos, su fecha de vencimiento, redime y entérate de todos los aliados para ti;'97.59548950
'1;'LINE;'en www.puntoscolombia.com;'97.30708313
'1;'LINE;'Establecimiento Bancario.;'82.21878815
'1;'LINE;'Número de;'98.78936768
'1;'LINE;'Fecha de;'99.45641327
'1;'LINE;'Tasa;'99.75426483
'1;'LINE;'Tasa EA;'98.27387238
'1;'LINE;'Descripción;'97.76865387
'1;'LINE;'Valor Original;'99.56592560
'1;'LINE;'Cargos y Abonos;'94.69168854
'1;'LINE;'Saldo a Diferir;'96.97976685
'1;'LINE;'Cuotas;'99.37440491
'1;'LINE;'Autorización;'98.45683289
'1;'LINE;'Transacción;'98.08833313
'1;'LINE;'Pactada;'99.59402466
'1;'LINE;'Facturada;'99.36463928
'1;'LINE;'30/01/2025;'99.48661041
'1;'LINE;'INTERESES CORRIENTES;'99.13235474
'1;'LINE;'1.49;'99.41007233
'1;'LINE;'1.49;'99.38078308
'1;'LINE;'0.00;'99.41406250
'1;'LINE;'T00426;'98.97899628
'1;'LINE;'25/01/2025;'99.27754211
'1;'LINE;'APPLE.COM/BILL;'96.73369598
'1;'LINE;'6.55;'99.34490204
'1;'LINE;'1,8646;'99.59562683
'1;'LINE;'24,8186;'99.77458954
'1;'LINE;'0.18;'99.41406250
'1;'LINE;'6.37;'99.38317108
'1;'LINE;'1/36;'99.64684296
'1;'LINE;'VR MONEDA ORIG 27800.0 USA;'99.16035461
'1;'LINE;'BANCOLOMBIA S.A.;'90.84567261
'1;'LINE;'T02646;'98.74143219
'1;'LINE;'23/01/2025;'99.77458954
'1;'LINE;'APPLE.COM/BILL;'60.77148438
'1;'LINE;'11.94;'99.71679688
'1;'LINE;'1,8646;'99.40688324
'1;'LINE;'24,8186;'99.67454529
'1;'LINE;'0.33;'99.60937500
'1;'LINE;'11.61;'99.60618591
'1;'LINE;'1/36;'99.64604187
'1;'LINE;'VR MONEDA ORIG 51400.0 USA;'98.94029236
'1;'LINE;'T05318;'99.08960724
'1;'LINE;'22/01/2025;'99.79412842
'1;'LINE;'APPLE.COM/BILL;'58.78089142
'1;'LINE;'6.65;'99.61834717
'1;'LINE;'1,8646;'99.40688324
'1;'LINE;'24,8186;'99.80388641
'1;'LINE;'0.18;'99.63867188
'1;'LINE;'6.47;'99.65820313
'1;'LINE;'1/36;'99.61674500
'1;'LINE;'VR MONEDA ORIG 28900.0 USA;'94.77311707
'1;'LINE;'T04808;'99.44754028
'1;'LINE;'22/01/2025;'99.76483154
'1;'LINE;'APPLE.COM/BILL;'97.00414276
'1;'LINE;'12.55;'93.51741791
'1;'LINE;'1,8646;'99.25801086
'1;'LINE;'24,8186;'99.76403046
'1;'LINE;'0.35;'99.49059296
'1;'LINE;'12.20;'99.80468750
'1;'LINE;'1/36;'98.95786285
'1;'LINE;'VR MONEDA ORIG 54500.0 USA;'94.56991577
'1;'LINE;'T05891;'99.45810699
'1;'LINE;'19/01/2025;'99.87304688
'1;'LINE;'APPLE.COM/BILL;'98.12679291
'1;'LINE;'10.35;'99.67693329
'1;'LINE;'1,8646;'99.39712524
'1;'LINE;'24,8186;'99.68431091
'1;'LINE;'0.29;'99.45312500
'1;'LINE;'10.06;'99.79492188
'1;'LINE;'1/36;'99.68750000
'1;'LINE;'SUPERINTENDENCIA FINANCIERA;'87.11421204
'1;'LINE;'VR MONEDA ORIG 44900,0 USA;'94.33350372
'1;'LINE;'COLOMBIA;'91.48935699
'1;'LINE;'T06913;'98.53076935
'1;'LINE;'15/01/2025;'99.88281250
'1;'LINE;'Nintendo CA1340869938;'98.94470978
'1;'LINE;'24.99;'99.72576141
'1;'LINE;'1,8646;'99.08801270
'1;'LINE;'24,8186;'99.69407654
'1;'LINE;'0.69;'99.49218750
'1;'LINE;'24.30;'99.88281250
'1;'LINE;'1/36;'99.63867188
'1;'LINE;'T04471;'99.16772461
'1;'LINE;'15/01/2025;'99.84375000
'1;'LINE;'Nintendo CA1341237865;'98.73246002
'1;'LINE;'2.19;'97.74972534
'1;'LINE;'1,8646;'99.39791870
'1;'LINE;'24,8186;'99.68431091
'1;'LINE;'0.06;'99.60937500
'1;'LINE;'2.13;'94.71719360
'1;'LINE;'1/36;'99.61674500
'1;'LINE;'R01044;'99.76562500
'1;'LINE;'14/01/2025;'99.73394012
'1;'LINE;'OPENAI *CHATGPT SUBSCR;'98.38761139
'1;'LINE;'20.00;'99.73632813
'1;'LINE;'1,8646;'99.35805511
'1;'LINE;'24,8186;'99.67375183
'1;'LINE;'0.56;'99.61914063
'1;'LINE;'19.44;'99.75505829
'1;'LINE;'1/36;'99.60618591
'1;'LINE;'T04122;'98.72190094
'1;'LINE;'12/01/2025;'99.77539063
'1;'LINE;'PAYPAL *MULLVAD;'99.25064087
'1;'LINE;'5.45;'99.45312500
'1;'LINE;'1,8646;'99.35805511
'1;'LINE;'24,8186;'99.64445496
'1;'LINE;'0.15;'99.63787079
'1;'LINE;'5.30;'98.82274628
'1;'LINE;'1/36;'99.52965546
'1;'LINE;'VR MONEDA ORIG 23549.0 SWE;'99.04364014
'1;'LINE;'R00743;'99.61754608
'1;'LINE;'11/01/2025;'99.81445313
'1;'LINE;'WDFG MADRID T4 2;'96.11557007
'1;'LINE;'45.09;'99.80388641
'1;'LINE;'1,8646;'99.56712341
'1;'LINE;'24,8186;'99.64445496
'1;'LINE;'1.25;'99.44176483
'1;'LINE;'43.84;'99.83318329
'1;'LINE;'1/36;'99.67613983
'1;'LINE;'VIGILADO;'95.22301483
'1;'LINE;'VR MONEDA ORIG 000000004215 ES;'99.08126831
'1;'LINE;'F01354;'99.60937500
'1;'LINE;'10/01/2025;'99.77458954
'1;'LINE;'PETIT CAFE EL GRECO;'98.54647064
'1;'LINE;'15.80;'99.64684296
'1;'LINE;'1,8646;'99.40848541
'1;'LINE;'24,8186;'99.72496796
'1;'LINE;'0.44;'99.56054688
'1;'LINE;'15.36;'99.55735779
'1;'LINE;'1/36;'99.48979950
'1;'LINE;'VR MONEDA ORIG 15,3 ESP;'98.14377594
'1;'LINE;'R04864;'99.57769012
'1;'LINE;'10/01/2025;'99.76483154
'1;'LINE;'TAXI FLORENTINO;'99.51869202
'1;'LINE;'14.61;'99.71679688
'1;'LINE;'1,8646;'99.48819733
'1;'LINE;'24,8186;'99.72496796
'1;'LINE;'0.41;'99.63867188
'1;'LINE;'14.20;'99.47763824
'1;'LINE;'1/36;'99.49955750
'1;'LINE;'VR MONEDA ORIG 14,1 ESP;'97.97325134
'1;'LINE;'R04865;'99.52646637
'1;'LINE;'10/01/2025;'99.83398438
'1;'LINE;'SPLICE.COM* SOUNDS 100;'98.03929901
'1;'LINE;'7.99;'99.63787079
'1;'LINE;'1,8646;'99.35726166
'1;'LINE;'24,8186;'99.59482574
'1;'LINE;'0.22;'99.63867188
'1;'LINE;'7.77;'99.56791687
'1;'LINE;'1/36;'99.60698700
'1;'LINE;'R09267;'99.67534637
'1;'LINE;'09/01/2025;'99.77379608
'1;'LINE;'TAXI SEVILLA LIC 1269;'99.28143311
'1;'LINE;'6.85;'99.50035858
'1;'LINE;'1,8646;'99.35726166
'1;'LINE;'24,8186;'99.59482574
'1;'LINE;'0.19;'99.69726563
'1;'LINE;'6.66;'99.39871216
'1;'LINE;'1/36;'99.61674500
'1;'LINE;'DCF:defensor@bancolombia.com.co;
'1;'LINE;'Pag.;'99.33115387
'1;'LINE;'1/2;'87.98688507
'2;'LINE;'Bancolombia;'99.37759399
'2;'LINE;'MasterCard;'98.97002411
'2;'LINE;'NIT: 890.903.938-8;'99.37460327
'2;'LINE;'Periodo facturado desde:;'99.37001801
'2;'LINE;'30/12/2024;'99.64365387
'2;'LINE;'hasta:;'99.32717133
'2;'LINE;'30/01/2025;'99.83318329
'2;'LINE;'ESTADO DE CUENTA EN:;'99.47415161
'2;'LINE;'DOLARES;'99.69328308
'2;'LINE;'Número de;'98.74263000
'2;'LINE;'Fecha de;'99.46050262
'2;'LINE;'Tasa;'99.68350983
'2;'LINE;'Tasa EA;'97.70986176
'2;'LINE;'Descripción;'98.28683472
'2;'LINE;'Valor Original;'99.45281982
'2;'LINE;'Cargos y Abonos;'97.15753937
'2;'LINE;'Saldo a Diferir;'97.72573853
'2;'LINE;'Cuotas;'99.36383820
'2;'LINE;'Autorización;'98.72528839
'2;'LINE;'Transacción;'98.27706146
'2;'LINE;'Pactada;'99.08482361
'2;'LINE;'Facturada;'99.35408020
'2;'LINE;'VR MONEDA ORIG 6,6 ESP;'98.96604156
'2;'LINE;'H04826;'99.60459137
'2;'LINE;'09/01/2025;'99.95117188
'2;'LINE;'HOTEL AMERICA;'99.52477264
'2;'LINE;'34.67;'99.84375000
'2;'LINE;'1,8646;'99.40529633
'2;'LINE;'24,8186;'99.72337341
'2;'LINE;'0.96;'99.69726563
'2;'LINE;'33.71;'99.88281250
'2;'LINE;'1/36;'99.79412842
'2;'LINE;'VR MONEDA ORIG 000000003200 ES;'99.09952545
'2;'LINE;'H05556;'99.60459137
'2;'LINE;'09/01/2025;'99.93164063
'2;'LINE;'PARADOR DE MERIDA;'99.56845093
'2;'LINE;'15.57;'99.80468750
'2;'LINE;'1,8646;'99.41585541
'2;'LINE;'24,8186;'99.71360779
'2;'LINE;'0.43;'99.77539063
'2;'LINE;'15.14;'99.85351563
'2;'LINE;'1/36;'99.79412842
'2;'LINE;'VR MONEDA ORIG 15,0 ESP;'97.97353363
'2;'LINE;'R06750;'99.68431091
'2;'LINE;'08/01/2025;'99.92187500
'2;'LINE;'EL CORTE INGLES-DEPART;'99.37154388
'2;'LINE;'59.70;'99.84295654
'2;'LINE;'1,8646;'99.44515228
'2;'LINE;'24,8186;'99.75347137
'2;'LINE;'1.66;'99.36284637
'2;'LINE;'58.04;'99.84375000
'2;'LINE;'1/36;'99.80388641
'2;'LINE;'VR MONEDA ORIG 000000005384 ES;'99.35323334
'2;'LINE;'F03228;'99.87304688
'2;'LINE;'08/01/2025;'99.93164063
'2;'LINE;'RESCOLDO VIVO;'99.17620087
'2;'LINE;'12.28;'99.88281250
'2;'LINE;'1,8646;'99.40608978
'2;'LINE;'24,8186;'99.79332733
'2;'LINE;'0.34;'99.57031250
'2;'LINE;'11.94;'99.83318329
'2;'LINE;'1/36;'99.73552704
'2;'LINE;'VR MONEDA ORIG 000000001100 ES;'99.24940491
'2;'LINE;'R05236;'99.65421295
'2;'LINE;'07/01/2025;'99.92187500
'2;'LINE;'MADE OF CORK 4;'98.24890900
'2;'LINE;'16.68;'99.71520233
'2;'LINE;'1,8646;'98.14035034
'2;'LINE;'24,8186;'99.75347137
'2;'LINE;'0.46;'99.81445313
'2;'LINE;'16.22;'99.73473358
'2;'LINE;'1/36;'99.72576141
'2;'LINE;'VR MONEDA ORIG 15,9 ESP;'97.86563873
'2;'LINE;'F00321;'99.76483154
'2;'LINE;'07/01/2025;'99.92187500
'2;'LINE;'3AR LA SEGUNDA GIRALDA;'99.27560425
'2;'LINE;'83.51;'99.80468750
'2;'LINE;'1,8646;'99.44595337
'2;'LINE;'24,8186;'99.79332733
'2;'LINE;'2.32;'99.68750000
'2;'LINE;'81.19;'99.79492188
'2;'LINE;'1/36;'99.77458954
'2;'LINE;'VR MONEDA ORIG 80,0 ESP;'98.01422882
'2;'LINE;'F04550;'99.65581512
'2;'LINE;'07/01/2025;'99.91210938
'2;'LINE;'ALACENA SAN ELOY TIEND;'99.62342072
'2;'LINE;'3.65;'99.61834717
'2;'LINE;'1,8646;'99.47604370
'2;'LINE;'24,8186;'99.63388824
'2;'LINE;'0.10;'99.75505829
'2;'LINE;'3.55;'99.63787079
'2;'LINE;'1/36;'99.71679688
'2;'LINE;'VR MONEDA ORIG 3,5 ESP;'98.57640839
'2;'LINE;'F03565;'99.77458954
'2;'LINE;'07/01/2025;'99.93164063
'2;'LINE;'ALACENA SAN ELOY TIEND;'99.61325836
'2;'LINE;'9.34;'99.67693329
'2;'LINE;'1,8646;'99.60538483
'2;'LINE;'24,8186;'99.65421295
'2;'LINE;'0.26;'99.81445313
'2;'LINE;'9.08;'99.56791687
'2;'LINE;'1/36;'97.98170471
'2;'LINE;'VR MONEDA ORIG 8,9 ESP;'98.82182312
'2;'LINE;'T01974;'98.79922485
'2;'LINE;'06/01/2025;'99.89178467
'2;'LINE;'APPLE.COM/BILL;'96.39349365
'2;'LINE;'3.60;'99.69647217
'2;'LINE;'1,8646;'98.77809906
'2;'LINE;'24,8186;'99.67375183
'2;'LINE;'0.10;'99.69567108
'2;'LINE;'3.50;'99.64764404
'2;'LINE;'1/36;'99.69647217
'2;'LINE;'VR MONEDA ORIG 15900.0 USA;'99.24693298
'2;'LINE;'F07705;'99.60618591
'2;'LINE;'06/01/2025;'99.92187500
'2;'LINE;'MARRAKECH;'99.87304688
'2;'LINE;'7.21;'99.59960938
'2;'LINE;'1,8646;'99.55576324
'2;'LINE;'24,8186;'99.67375183
'2;'LINE;'0.20;'99.75585938
'2;'LINE;'7.01;'99.56054688
'2;'LINE;'1/36;'99.73552704
'2;'LINE;'VR MONEDA ORIG 7,0 ESP;'98.71165466
'2;'LINE;'R04260;'99.73473358
'2;'LINE;'06/01/2025;'99.92187500
'2;'LINE;'TAXI LIC MUNICIPAL COR;'99.50543976
'2;'LINE;'11.69;'99.72496796
'2;'LINE;'1,8646;'99.60538483
'2;'LINE;'24,8186;'99.71360779
'2;'LINE;'0.32;'99.76562500
'2;'LINE;'11.37;'99.76483154
'2;'LINE;'1/36;'99.75505829
'2;'LINE;'VR MONEDA ORIG 11,3 ESP;'98.36974335
'2;'LINE;'R00275;'99.63468170
'2;'LINE;'06/01/2025;'99.92187500
'2;'LINE;'TAXI LM 254;'99.01938629
'2;'LINE;'10.92;'99.69567108
'2;'LINE;'1,8646;'99.53623199
'2;'LINE;'24,8186;'99.71360779
'2;'LINE;'0.30;'99.67613983
'2;'LINE;'10.62;'99.72576141
'2;'LINE;'1/36;'99.72576141
'2;'LINE;'VR MONEDA ORIG 10,5 ESP;'98.09107971
'2;'LINE;'T01337;'97.97113800
'2;'LINE;'06/01/2025;'99.91210938
'2;'LINE;'Scribd Inc *496589665;'99.13989258
'2;'LINE;'10.70;'99.83398438
'2;'LINE;'1,8646;'99.65501404
'2;'LINE;'24,8186;'99.72337341
'2;'LINE;'0.30;'99.73632813
'2;'LINE;'10.40;'99.81445313
'2;'LINE;'1/36;'99.80468750
'2;'LINE;'T01111;'94.47405243
'2;'LINE;'04/01/2025;'99.89257813
'2;'LINE;'APPLE.COM/BILL;'98.34980774
'2;'LINE;'1.60-;'98.72190094
'2;'LINE;'1.60-;'99.19941711
'2;'LINE;'0.00;'99.68750000
'2;'LINE;'VR MONEDA ORIG 7074.1 USA;'99.24138641
'2;'LINE;'F03057;'99.75505829
'2;'LINE;'04/01/2025;'99.92187500
'2;'LINE;'GASTROLETRAS S.L.;'99.36284637
'2;'LINE;'10.73;'99.87304688
'2;'LINE;'1,8646;'99.41585541
'2;'LINE;'24,8186;'99.61435699
'2;'LINE;'0.30;'99.76562500
'2;'LINE;'10.43;'99.88281250
'2;'LINE;'1/36;'99.69487000
'2;'LINE;'VR MONEDA ORIG 000000001000 ES;'99.04045105
'2;'LINE;'R08721;'99.09538269
'2;'LINE;'04/01/2025;'99.92187500
'2;'LINE;'MARIA DOLORES CANIZARE;'99.65687561
'2;'LINE;'3.61;'99.49876404
'2;'LINE;'1,8646;'99.39632416
'2;'LINE;'24,8186;'99.69407654
'2;'LINE;'0.10;'99.79492188
'2;'LINE;'3.51;'99.59801483
'2;'LINE;'1/36;'87.48963165
'2;'LINE;'VR MONEDA ORIG 3,5 ESP;'98.60355377
'2;'LINE;'H01336;'99.55576324
'2;'LINE;'04/01/2025;'99.92187500
'2;'LINE;'HOTEL AGUMAR;'99.58745575
'2;'LINE;'134.30;'99.85271454
'2;'LINE;'1,8646;'99.51589966
'2;'LINE;'24,8186;'99.69407654
'2;'LINE;'3.73;'99.57688904
'2;'LINE;'130.57;'99.81365967
'2;'LINE;'1/36;'99.51908875
'2;'LINE;'VR MONEDA ORIG 130,3 ESP;'98.75035858
'2;'LINE;'R04269;'97.93945313
'2;'LINE;'04/01/2025;'99.92187500
'2;'LINE;'NEBULA SUBSCRIPTION;'99.58466339
'2;'LINE;'6.00;'99.12049866
'2;'LINE;'1,8646;'99.40688324
'2;'LINE;'24,8186;'99.69407654
'2;'LINE;'0.17;'99.79492188
'2;'LINE;'5.83;'99.40031433
'2;'LINE;'1/36;'99.67693329
'2;'LINE;'C05919;'99.29627991
'2;'LINE;'03/01/2025;'99.91210938
'2;'LINE;'ABONO SUCURSAL VIRTUAL;'99.46926880
'2;'LINE;'2,166.00-;'99.10016632
'2;'LINE;'2,166.00-;'98.77969360
'2;'LINE;'0.00;'99.64764404
'2;'LINE;'C06693;'99.32637024
'2;'LINE;'03/01/2025;'99.92187500
'2;'LINE;'ABONO SUCURSAL VIRTUAL;'99.45272827
'2;'LINE;'164.00-;'97.80273438
'2;'LINE;'164.00-;'97.37483978
'2;'LINE;'0.00;'99.67693329
'2;'LINE;'T07374;'99.43538666
'2;'LINE;'02/01/2025;'99.92187500
'2;'LINE;'SP HOLAFLY.COM;'99.23788452
'2;'LINE;'63.80;'99.73552704
'2;'LINE;'1,8646;'99.56632996
'2;'LINE;'24,8186;'99.69407654
'2;'LINE;'1.77;'99.53942108
'2;'LINE;'60.30;'99.67375183
'2;'LINE;'1/36;'99.65660858
'2;'LINE;'R00674;'99.72496796
'2;'LINE;'31/12/2024;'99.84295654
'2;'LINE;'AMAZON MKTPL*ZP6S514N0;'96.38472748
'2;'LINE;'164.37;'99.72496796
'2;'LINE;'0.00;'99.67773438
'2;'LINE;'0.00;'99.73632813
'2;'LINE;'36/36;'99.75347137
'2;'LINE;'Establecimiento Bancario.;'85.62210846
'2;'LINE;'BANCOLOMBIA S.A.;'91.85517120
'2;'LINE;'SUPERINTENDENCIA FINANCIERA;'89.00490570
'2;'LINE;'DE COLOMBIA;'89.43254852
'2;'LINE;'VIGILADO;'95.00817108
'2;'LINE;'DCF:defensor@bancolombia.com.co;
'2;'LINE;'Pag.;'99.33115387
'2;'LINE;'22;'47.89022446
'3;'LINE;'CUPÓN DE PAGO EN:;'98.77551270
'3;'LINE;'PESOS;'99.72257996
'3;'LINE;'Bancolombia;'99.45651245
'3;'LINE;'MasterCard;'99.04077911
'3;'LINE;'NIT: 890.903.938-8;'99.27415466
'3;'LINE;'812;'99.30584717
'3;'LINE;'SEÑOR (A):;'98.91780853
'3;'LINE;'FECHA DE PAGO;'99.40024567
'3;'LINE;'Tarjeta:;'98.85781860
'3;'LINE;'AÑO;'99.61515808
'3;'LINE;'MES;'99.53125000
'3;'LINE;'DÍA;'98.82274628
'3;'LINE;'FORMA DE PAGO;'99.24538422
'3;'LINE;'VALOR;'99.60857391
'3;'LINE;'EFECTIVO;'99.67693329
'3;'LINE;'CHEQUE;'99.76403046
'3;'LINE;'BANCO;'99.69407654
'3;'LINE;'NÚMERO;'98.28922272
'3;'LINE;'Bancolombia;'99.71201324
'3;'LINE;'MasterCard;'99.21894836
'3;'LINE;'NIT: 890.903.938-8;'99.07395935
'3;'LINE;'ESTADO DE CUENTA EN:;'99.26558685
'3;'LINE;'PESOS;'99.85271454
'3;'LINE;'Recuerda estar al día en el pago de tu tarjeta;'99.19947815
'3;'LINE;'Evolucionamos nuestra imagen;'99.74343872
'3;'LINE;'para evitar cobro de intereses por mora, débitos a;'98.52158356
'3;'LINE;'pero tus tarjetas siguen;'99.51097107
'3;'LINE;'tus cuentas y el bloqueo de tu tarjeta.;'98.42788696
'3;'LINE;'siendo válidas.;'99.11691284
'3;'LINE;'Recuerda estar al día en el pago de tu tarjeta para evitar cobro de intereses por mora, débitos a tus cuentas y el bloqueo de tu tarjeta.;'97.99945068
'3;'LINE;'Cupo Total;'99.15746307
'3;'LINE;'Cupo de Avances;'99.33959198
'3;'LINE;'Período Facturado;'98.94969177
'3;'LINE;'$ 14,000,000.00;'90.43606567
'3;'LINE;'$ 14,000,000.00;'90.03327942
'3;'LINE;'Desde: 30/12/2024;'99.61146545
'3;'LINE;'Hasta: 30/01/2025;'99.57320404
'3;'LINE;'Disponible Total;'99.55486298
'3;'LINE;'Disponible Avances;'99.32627106
'3;'LINE;'Pague antes de;'99.40031433
'3;'LINE;'Valor Pagado;'99.08631134
'3;'LINE;'$ 3,489,559.70;'74.71640015
'3;'LINE;'$ 3,489,559.70;'67.15859985
'3;'LINE;'17/02/2025;'99.85271454
'3;'LINE;'Tasas de interés vigente;'99.19617462
'3;'LINE;'Resumen Saldo Total;'99.19941711
'3;'LINE;'Resumen Pago Mínimo;'99.34178925
'3;'LINE;'Saldo anterior;'99.11272430
'3;'LINE;'3,191,669.44;'99.54021454
'3;'LINE;'Saldo en mora;'98.35897827
'3;'LINE;'0.00;'70.31169891
'3;'LINE;'M.V.;'98.77630615
'3;'LINE;'E.A.;'70.16123199
'3;'LINE;'+ Compras del mes;'97.13040161
'3;'LINE;'7,651,313.00;'99.63867188
'3;'LINE;'+ Cuota compras del mes;'97.20577240
'3;'LINE;'7,571,132.44;'99.63628387
'3;'LINE;'+ Intereses de mora;'96.71212769
'3;'LINE;'0.00;'99.63867188
'3;'LINE;'+ Intereses de mora;'96.85556793
'3;'LINE;'0.00;'99.76562500
'3;'LINE;'Compra un mes;'98.38415527
'3;'LINE;'0,0000%;'67.01111603
'3;'LINE;'0,0000%;'69.98664856
'3;'LINE;'+ Intereses corrientes;'96.84204865
'3;'LINE;'1,182.27;'99.69487000
'3;'LINE;'+ Intereses corrientes;'96.26422119
'3;'LINE;'1,182.27;'99.75347137
'3;'LINE;'Compra 2 36 meses;'96.46245575
'3;'LINE;'1,8646%;'80.82649231
'3;'LINE;'24,8186%;'80.36531067
'3;'LINE;'+ Avances;'95.08550262
'3;'LINE;'0.00;'99.48242188
'3;'LINE;'+ Cuota avances;'96.59751129
'3;'LINE;'0.00;'99.55974579
'3;'LINE;'Impuestos;'98.21767426
'3;'LINE;'1,8646%;'78.97222137
'3;'LINE;'24,8186%;'78.11702728
'3;'LINE;'+ Otros cargos;'96.33224487
'3;'LINE;'48,490.00;'99.85351563
'3;'LINE;'+ Otros cargos;'96.38406372
'3;'LINE;'48,490.00;'99.77458954
'3;'LINE;'Avances;'99.61435699
'3;'LINE;'1,8646%;'81.70260620
'3;'LINE;'24,8186%;'79.62272644
'3;'LINE;'Pagos abonos;'98.30127716
'3;'LINE;'3,271,850.00;'99.68590546
'3;'LINE;'+ Cuota compras anteriores;'97.17758179
'3;'LINE;'0.00;'99.75585938
'3;'LINE;'Mora;'99.52806091
'3;'LINE;'1,8646%;'81.77555084
'3;'LINE;'24,8186%;'75.88488770
'3;'LINE;'Saldo a favor;'95.89122772
'3;'LINE;'0.00;'99.53125000
'3;'LINE;'Saldo a favor;'97.64668274
'3;'LINE;'0.00;'99.64764404
'3;'LINE;'= Pagos total;'94.86308289
'3;'LINE;'7,620,805.00;'99.84375000
'3;'LINE;'Pago mínimo;'98.92029572
'3;'LINE;'7,620,805.00;'99.75505829
'3;'LINE;'Otros cargos: Este valor incluye los siguientes conceptos: Comisión avance, cuota de manejo, IVA por reexpedición, GMF y cobro por reexpedición;'97.25819397
'3;'LINE;'Con Bancolombia Acumulas + Más Puntos Colombia. Consulta tu saldo de puntos, su fecha de vencimiento, redime y entérate de todos los aliados para ti;'97.60952759
'3;'LINE;'en www.puntoscolombia.com;'97.71095276
'3;'LINE;'Establecimiento Bancario.;'81.96398926
'3;'LINE;'Número de;'98.82434082
'3;'LINE;'Fecha de;'99.44176483
'3;'LINE;'Tasa;'99.75426483
'3;'LINE;'Tasa EA;'98.41996765
'3;'LINE;'Descripción;'97.72879791
'3;'LINE;'Valor Original;'99.52686310
'3;'LINE;'Cargos y Abonos;'94.68843079
'3;'LINE;'Saldo a Diferir;'96.99032593
'3;'LINE;'Cuotas;'99.61355591
'3;'LINE;'Autorización;'98.45683289
'3;'LINE;'Transacción;'98.08833313
'3;'LINE;'Pactada;'99.57450104
'3;'LINE;'Facturada;'99.43459320
'3;'LINE;'30/01/2025;'99.48661041
'3;'LINE;'INTERESES CORRIENTES;'99.15188599
'3;'LINE;'1,182.27;'99.72417450
'3;'LINE;'1,182.27;'99.71520233
'3;'LINE;'0.00;'99.45312500
'3;'LINE;'000000;'99.53782654
'3;'LINE;'30/01/2025;'99.43618011
'3;'LINE;'CUOTA DE MANEJO;'99.24060822
'3;'LINE;'48,490.00;'99.77379608
'3;'LINE;'48,490.00;'99.83398438
'3;'LINE;'0.00;'99.46208954
'3;'LINE;'F04108;'98.72747803
'3;'LINE;'30/01/2025;'99.47525024
'3;'LINE;'DiDi CO Food;'85.61091614
'3;'LINE;'21,900.00;'99.68511200
'3;'LINE;'0,0000;'99.37599945
'3;'LINE;'00,0000;'98.79843140
'3;'LINE;'21,900.00;'99.71520233
'3;'LINE;'0.00;'99.58007813
'3;'LINE;'1/1;'99.72576141
'3;'LINE;'BANCOLOMBIA S.A.;'90.69390869
'3;'LINE;'000000;'99.60618591
'3;'LINE;'29/01/2025;'99.83398438
'3;'LINE;'AJUSTE MANUAL A FAVOR;'98.21363831
'3;'LINE;'43,513.00-;'99.31739807
'3;'LINE;'43,513.00-;'97.94264221
'3;'LINE;'0.00;'99.72656250
'3;'LINE;'F01759;'99.71679688
'3;'LINE;'28/01/2025;'99.83398438
'3;'LINE;'DiDi CO Food;'94.87995148
'3;'LINE;'32,580.00;'99.88281250
'3;'LINE;'0,0000;'99.48580933
'3;'LINE;'00,0000;'99.16932678
'3;'LINE;'32,580.00;'99.87304688
'3;'LINE;'0.00;'99.68750000
'3;'LINE;'1/1;'98.96982574
'3;'LINE;'R09811;'99.04974365
'3;'LINE;'28/01/2025;'99.81445313
'3;'LINE;'RAPPI*RAPPI COLOMBIA;'99.12168884
'3;'LINE;'216,000.00;'99.68511200
'3;'LINE;'0,0000;'99.52567291
'3;'LINE;'00,0000;'98.88951111
'3;'LINE;'216,000.00;'99.33613586
'3;'LINE;'0.00;'99.67773438
'3;'LINE;'1/1;'99.02104950
'3;'LINE;'R00996;'99.39871216
'3;'LINE;'28/01/2025;'99.36622620
'3;'LINE;'AMAZON.COM;'99.37420654
'3;'LINE;'583,731.00;'99.69487000
'3;'LINE;'0,0000;'99.51589966
'3;'LINE;'00,0000;'98.91880798
'3;'LINE;'583,731.00;'99.76403046
'3;'LINE;'0.00;'99.56054688
'3;'LINE;'1/1;'99.14720154
'3;'LINE;'T02764;'99.10016632
'3;'LINE;'27/01/2025;'99.52567291
'3;'LINE;'SPOTIFY*DL;'98.56166077
'3;'LINE;'26,400.00;'99.73473358
'3;'LINE;'0,0000;'99.39632416
'3;'LINE;'00,0000;'98.92857361
'3;'LINE;'26,400.00;'99.80388641
'3;'LINE;'0.00;'99.56054688
'3;'LINE;'1/1;'99.16673279
'3;'LINE;'R05881;'99.76562500
'3;'LINE;'26/01/2025;'99.52567291
'3;'LINE;'UBER RIDES;'99.11471558
'3;'LINE;'26,451.00;'99.72417450
'3;'LINE;'0,0000;'99.20759583
'3;'LINE;'00,0000;'98.92857361
'3;'LINE;'26,451.00;'99.76403046
'3;'LINE;'0.00;'99.53125000
'3;'LINE;'1/1;'99.17649841
'3;'LINE;'R01881;'99.69726563
'3;'LINE;'26/01/2025;'99.80388641
'3;'LINE;'DLO*RAPPI COLOMBIA;'99.18098450
'3;'LINE;'47,150.00;'99.69487000
'3;'LINE;'0,0000;'99.31660461
'3;'LINE;'00,0000;'98.99772644
'3;'LINE;'47,150.00;'99.75505829
'3;'LINE;'0.00;'99.60937500
'3;'LINE;'1/1;'99.01705933
'3;'LINE;'SUPERINTENDENCIA FINANCIERA;'86.27974701
'3;'LINE;'R03581;'99.79492188
'3;'LINE;'25/01/2025;'99.83398438
'3;'LINE;'LA TIENDA CAMDEN PENON;'99.19089508
'3;'LINE;'36,207.00;'99.80309296
'3;'LINE;'0,0000;'99.23688507
'3;'LINE;'00,0000;'99.04734802
'3;'LINE;'36,207.00;'99.85271454
'3;'LINE;'0.00;'99.63867188
'3;'LINE;'1/1;'98.94710541
'3;'LINE;'COLOMBIA;'90.72683716
'3;'LINE;'R07844;'99.69487000
'3;'LINE;'25/01/2025;'99.83398438
'3;'LINE;'UBER RIDES;'99.39742279
'3;'LINE;'23,153.00;'99.73394012
'3;'LINE;'0,0000;'99.40608978
'3;'LINE;'00,0000;'99.00749207
'3;'LINE;'23,153.00;'99.72417450
'3;'LINE;'0.00;'99.64843750
'3;'LINE;'1/1;'99.03080750
'3;'LINE;'R03640;'99.33693695
'3;'LINE;'25/01/2025;'99.81445313
'3;'LINE;'DLO*RAPPI COLOMBIA;'99.08631134
'3;'LINE;'336,925.00;'99.85351563
'3;'LINE;'0,0000;'99.29627991
'3;'LINE;'00,0000;'99.09697723
'3;'LINE;'336,925.00;'99.83318329
'3;'LINE;'0.00;'99.49138641
'3;'LINE;'1/1;'98.42454529
'3;'LINE;'R05150;'99.57848358
'3;'LINE;'25/01/2025;'99.81445313
'3;'LINE;'DLO*RAPPI COLOMBIA;'99.14649963
'3;'LINE;'83,950.00;'99.83238983
'3;'LINE;'0,0000;'99.29627991
'3;'LINE;'00,0000;'99.04734802
'3;'LINE;'83,950.00;'99.76243591
'3;'LINE;'0.00;'99.52069092
'3;'LINE;'1/1;'98.44407654
'3;'LINE;'R09029;'99.71600342
'3;'LINE;'25/01/2025;'99.79412842
'3;'LINE;'DLO*RAPPI COLOMBIA;'99.11232758
'3;'LINE;'942,800.00;'99.76562500
'3;'LINE;'0,0000;'99.57450104
'3;'LINE;'00,0000;'99.05712128
'3;'LINE;'942,800.00;'99.83318329
'3;'LINE;'0.00;'99.60937500
'3;'LINE;'1/1;'99.26519012
'3;'LINE;'000000;'99.69567108
'3;'LINE;'24/01/2025;'99.80388641
'3;'LINE;'AJUSTE MANUAL A FAVOR;'96.44545746
'3;'LINE;'36,667.00-;'98.77890015
'3;'LINE;'36,667.00-;'98.88871002
'3;'LINE;'0.00;'99.69726563
'3;'LINE;'R06385;'99.44674683
'3;'LINE;'24/01/2025;'99.80388641
'3;'LINE;'LA MASCOTERIA;'99.25701904
'3;'LINE;'62,900.00;'99.76322937
'3;'LINE;'0,0000;'99.53543854
'3;'LINE;'00,0000;'99.23529053
'3;'LINE;'62,900.00;'99.72337341
'3;'LINE;'0.00;'99.59881592
'3;'LINE;'1/1;'98.93395233
'3;'LINE;'VIGILADO;'94.92845154
'3;'LINE;'R04716;'99.67613983
'3;'LINE;'24/01/2025;'99.80388641
'3;'LINE;'RAPPI*RAPPI COLOMBIA;'99.31241608
'3;'LINE;'119,900.00;'99.75505829
'3;'LINE;'0,0000;'99.59482574
'3;'LINE;'00,0000;'99.29547882
'3;'LINE;'119,900.00;'99.72496796
'3;'LINE;'0.00;'99.56951904
'3;'LINE;'1/1;'98.94371796
'3;'LINE;'R01501;'99.58007813
'3;'LINE;'24/01/2025;'99.75505829
'3;'LINE;'DLO*RAPPI COLOMBIA;'98.62135315
'3;'LINE;'121,250.00;'99.65740204
'3;'LINE;'0,0000;'99.56472778
'3;'LINE;'00,0000;'99.21575928
'3;'LINE;'121,250.00;'99.69726563
'3;'LINE;'0.00;'99.40350342
'3;'LINE;'1/1;'99.09757233
'3;'LINE;'R04519;'99.57688904
'3;'LINE;'23/01/2025;'99.76483154
'3;'LINE;'RAPPI*RAPPI COLOMBIA;'99.03908539
'3;'LINE;'51,000.00;'99.71360779
'3;'LINE;'0,0000;'99.43538666
'3;'LINE;'00,0000;'99.21575928
'3;'LINE;'51,000.00;'99.72417450
'3;'LINE;'0.00;'99.46289063
'3;'LINE;'1/1;'98.79563904
'3;'LINE;'F03256;'99.68750000
'3;'LINE;'23/01/2025;'99.75505829
'3;'LINE;'DiDi CO Food;'84.83179474
'3;'LINE;'27,169.00;'99.68431091
'3;'LINE;'0,0000;'99.28571320
'3;'LINE;'00,0000;'99.17590332
'3;'LINE;'27,169.00;'99.76403046
'3;'LINE;'0.00;'99.46289063
'3;'LINE;'1/1;'98.74681091
'3;'LINE;'F01057;'99.55895233
'3;'LINE;'22/01/2025;'99.57450104
'3;'LINE;'DiDi CO Food;'87.00992584
'3;'LINE;'47,053.00;'99.81285858
'3;'LINE;'0,0000;'99.48580933
'3;'LINE;'00,0000;'99.13684082
'3;'LINE;'47,053.00;'99.79332733
'3;'LINE;'0.00;'99.53044891
'3;'LINE;'1/1;'99.18785858
'3;'LINE;'F08927;'99.71520233
'3;'LINE;'22/01/2025;'99.57450104
'3;'LINE;'SONOMA CUISINE;'99.45113373
'3;'LINE;'277,500.00;'99.55416870
'3;'LINE;'0,0000;'99.48580933
'3;'LINE;'00,0000;'99.13684082
'3;'LINE;'277,500.00;'99.67454529
'3;'LINE;'0.00;'99.54021454
'3;'LINE;'1/1;'99.14879608
'3;'LINE;'F07135;'99.33354950
'3;'LINE;'21/01/2025;'99.65581512
'3;'LINE;'DiDi CO Food;'85.12462616
'3;'LINE;'36,478.00;'99.89257813
'3;'LINE;'0,0000;'99.39632416
'3;'LINE;'00,0000;'99.15716553
'3;'LINE;'36,478.00;'99.88281250
'3;'LINE;'0.00;'99.56054688
'3;'LINE;'1/1;'99.16992188
'3;'LINE;'DCF:defensor@bancolombia.com.cowww.bancolombia.com/personas/defensor-financiero;
'3;'LINE;'Pag.;'99.46050262
'3;'LINE;'1/2;'86.92044067
'4;'LINE;'Bancolombia;'99.32796478
'4;'LINE;'MasterCard;'99.36622620
'4;'LINE;'NIT: 890.903.938-8;'99.32537842
'4;'LINE;'Periodo facturado desde:;'99.29382324
'4;'LINE;'30/12/2024;'99.85351563
'4;'LINE;'hasta:;'99.68590546
'4;'LINE;'30/01/2025;'99.80388641
'4;'LINE;'ESTADO DE CUENTA EN:;'99.40031433
'4;'LINE;'PESOS;'99.88201141
'4;'LINE;'Número de;'98.85323334
'4;'LINE;'Fecha de;'99.43688202
'4;'LINE;'Tasa;'99.81365967
'4;'LINE;'Tasa EA;'98.27307892
'4;'LINE;'Descripción;'97.79874420
'4;'LINE;'Valor Original;'99.49427795
'4;'LINE;'Cargos y Abonos;'96.95525360
'4;'LINE;'Saldo a Diferir;'97.48657990
'4;'LINE;'Cuotas;'99.81285858
'4;'LINE;'Autorización;'98.56584930
'4;'LINE;'Transacción;'97.91832733
'4;'LINE;'Pactada;'99.49398041
'4;'LINE;'Facturada;'99.61355591
'4;'LINE;'R01555;'99.71600342
'4;'LINE;'21/01/2025;'99.83318329
'4;'LINE;'RAPPI*RAPPI COLOMBIA;'98.80570221
'4;'LINE;'216,500.00;'99.75347137
'4;'LINE;'0,0000;'99.40529633
'4;'LINE;'00,0000;'99.11730957
'4;'LINE;'216,500.00;'99.81285858
'4;'LINE;'0.00;'99.68750000
'4;'LINE;'1/1;'99.06090546
'4;'LINE;'R00997;'99.79332733
'4;'LINE;'21/01/2025;'99.87304688
'4;'LINE;'COMCEL PAGO DE FACTURA;'99.55307007
'4;'LINE;'163,239.00;'99.83318329
'4;'LINE;'0,0000;'99.40529633
'4;'LINE;'00,0000;'99.24584961
'4;'LINE;'163,239.00;'99.85271454
'4;'LINE;'0.00;'99.67773438
'4;'LINE;'1/1;'99.40270233
'4;'LINE;'R04993;'99.76403046
'4;'LINE;'21/01/2025;'99.81365967
'4;'LINE;'DLO*RAPPI COLOMBIA;'99.00540161
'4;'LINE;'59,000.00;'99.85271454
'4;'LINE;'0,0000;'99.40529633
'4;'LINE;'00,0000;'99.15636444
'4;'LINE;'59,000.00;'99.87304688
'4;'LINE;'0.00;'99.64764404
'4;'LINE;'1/1;'99.40270233
'4;'LINE;'R00961;'99.72496796
'4;'LINE;'21/01/2025;'99.84375000
'4;'LINE;'BARAKA PE ON;'98.23979950
'4;'LINE;'26,300.00;'99.85271454
'4;'LINE;'0,0000;'99.40529633
'4;'LINE;'00,0000;'99.29627991
'4;'LINE;'26,300.00;'99.85271454
'4;'LINE;'0.00;'99.67773438
'4;'LINE;'1/1;'99.38317108
'4;'LINE;'R04163;'99.49636841
'4;'LINE;'19/01/2025;'99.84295654
'4;'LINE;'CALATHEA;'99.55576324
'4;'LINE;'28,000.00;'99.81285858
'4;'LINE;'0,0000;'99.40529633
'4;'LINE;'00,0000;'99.29627991
'4;'LINE;'28,000.00;'99.84295654
'4;'LINE;'0.00;'99.68750000
'4;'LINE;'1/1;'99.40270233
'4;'LINE;'R09846;'99.13684082
'4;'LINE;'19/01/2025;'99.84295654
'4;'LINE;'DLO*RAPPI COLOMBIA;'99.27336121
'4;'LINE;'124,150.00;'99.76562500
'4;'LINE;'0,0000;'99.43459320
'4;'LINE;'00,0000;'99.29627991
'4;'LINE;'124,150.00;'99.79492188
'4;'LINE;'0.00;'99.68750000
'4;'LINE;'1/1;'99.42223358
'4;'LINE;'F02435;'99.75347137
'4;'LINE;'19/01/2025;'99.85271454
'4;'LINE;'RESTAURANTE PIZZERIA o;'89.69786072
'4;'LINE;'58,453.00;'99.89257813
'4;'LINE;'0,0000;'99.21575928
'4;'LINE;'00,0000;'99.31581116
'4;'LINE;'58,453.00;'99.87304688
'4;'LINE;'0.00;'99.69726563
'4;'LINE;'1/1;'98.98616791
'4;'LINE;'R05403;'99.47444916
'4;'LINE;'18/01/2025;'99.89257813
'4;'LINE;'UBER RIDES;'99.26319122
'4;'LINE;'7,442.00;'99.85271454
'4;'LINE;'0,0000;'99.40529633
'4;'LINE;'00,0000;'99.31581116
'4;'LINE;'7,442.00;'99.85271454
'4;'LINE;'0.00;'99.73632813
'4;'LINE;'1/1;'99.28551483
'4;'LINE;'R09213;'99.80309296
'4;'LINE;'18/01/2025;'99.89257813
'4;'LINE;'UBER RIDES;'99.37748718
'4;'LINE;'7,550.00;'99.88281250
'4;'LINE;'0,0000;'99.40529633
'4;'LINE;'00,0000;'99.27594757
'4;'LINE;'7,550.00;'99.89257813
'4;'LINE;'0.00;'99.73632813
'4;'LINE;'1/1;'99.30504608
'4;'LINE;'F03199;'99.69647217
'4;'LINE;'18/01/2025;'99.88281250
'4;'LINE;'IZUMI;'99.57688904
'4;'LINE;'241,900.00;'99.67534637
'4;'LINE;'0,0000;'99.29547882
'4;'LINE;'00,0000;'99.33533478
'4;'LINE;'241,900.00;'99.77458954
'4;'LINE;'0.00;'99.67773438
'4;'LINE;'1/1;'99.25621796
'4;'LINE;'F09166;'99.61674500
'4;'LINE;'18/01/2025;'99.88281250
'4;'LINE;'EL GUAYABO CAFE;'99.28339386
'4;'LINE;'114,285.00;'99.71440125
'4;'LINE;'0,0000;'99.24584961
'4;'LINE;'00,0000;'99.09617615
'4;'LINE;'114,285.00;'99.72417450
'4;'LINE;'0.00;'70.34996796
'4;'LINE;'1/1;'99.10494995
'4;'LINE;'R00770;'99.65501404
'4;'LINE;'17/01/2025;'99.87304688
'4;'LINE;'AMAZON.COM;'99.22772217
'4;'LINE;'254,360.00;'99.68590546
'4;'LINE;'0,0000;'99.23529053
'4;'LINE;'00,0000;'99.36543274
'4;'LINE;'254,360.00;'99.87304688
'4;'LINE;'0.00;'99.68750000
'4;'LINE;'1/1;'99.05532837
'4;'LINE;'R01561;'99.76562500
'4;'LINE;'17/01/2025;'99.89257813
'4;'LINE;'AMAZON.COM;'99.30584717
'4;'LINE;'175,201.00;'99.56472778
'4;'LINE;'0,0000;'99.37519836
'4;'LINE;'00,0000;'99.39472961
'4;'LINE;'175,201.00;'99.76322937
'4;'LINE;'0.00;'99.64764404
'4;'LINE;'1/1;'98.78926086
'4;'LINE;'R05901;'99.73552704
'4;'LINE;'16/01/2025;'99.91210938
'4;'LINE;'CARULLA AVENIDA COLOMB;'98.31991577
'4;'LINE;'47,700.00;'99.76322937
'4;'LINE;'0,0000;'99.48500824
'4;'LINE;'00,0000;'98.81716156
'4;'LINE;'47,700.00;'99.88201141
'4;'LINE;'0.00;'99.67693329
'4;'LINE;'1/1;'99.32298279
'4;'LINE;'R08349;'99.71360779
'4;'LINE;'16/01/2025;'99.91210938
'4;'LINE;'AMAZON.COM;'99.12527466
'4;'LINE;'359,524.00;'99.75347137
'4;'LINE;'0,0000;'99.33533478
'4;'LINE;'00,0000;'98.83669281
'4;'LINE;'359,524.00;'99.85271454
'4;'LINE;'0.00;'99.67693329
'4;'LINE;'1/1;'99.28312683
'4;'LINE;'F09255;'99.40529633
'4;'LINE;'15/01/2025;'99.77300262
'4;'LINE;'DiDi co Food;'86.23804474
'4;'LINE;'25,468.00;'99.87224579
'4;'LINE;'0,0000;'99.20599365
'4;'LINE;'00,0000;'99.35486603
'4;'LINE;'25,468.00;'99.88201141
'4;'LINE;'0.00;'99.64843750
'4;'LINE;'1/1;'99.05612183
'4;'LINE;'F00671;'99.57688904
'4;'LINE;'15/01/2025;'99.77300262
'4;'LINE;'MINIMARKET;'99.60538483
'4;'LINE;'29,700.00;'99.84295654
'4;'LINE;'0,0000;'99.09617615
'4;'LINE;'00,0000;'99.35486603
'4;'LINE;'29,700.00;'99.79252625
'4;'LINE;'0.00;'99.59881592
'4;'LINE;'1/1;'99.01625824
'4;'LINE;'R00183;'99.53543854
'4;'LINE;'15/01/2025;'99.81285858
'4;'LINE;'DLO*RAPPI COLOMBIA;'99.30754089
'4;'LINE;'28,550.00;'99.77300262
'4;'LINE;'0,0000;'99.24584961
'4;'LINE;'00,0000;'99.19543457
'4;'LINE;'28,550.00;'99.84215546
'4;'LINE;'0.00;'99.64764404
'4;'LINE;'1/1;'98.91043091
'4;'LINE;'R01665;'99.60538483
'4;'LINE;'14/01/2025;'99.85271454
'4;'LINE;'RAPPI*RAPPI COLOMBIA;'98.97690582
'4;'LINE;'216,500.00;'99.59402466
'4;'LINE;'0,0000;'99.59402466
'4;'LINE;'00,0000;'99.24505615
'4;'LINE;'216,500.00;'99.87304688
'4;'LINE;'0.00;'99.64764404
'4;'LINE;'1/1;'99.16513824
'4;'LINE;'R03858;'99.72417450
'4;'LINE;'14/01/2025;'99.87224579
'4;'LINE;'DLO*RAPPI COLOMBIA;'99.37181091
'4;'LINE;'23,490.00;'99.79252625
'4;'LINE;'0,0000;'99.23529053
'4;'LINE;'00,0000;'99.24505615
'4;'LINE;'23,490.00;'99.80229950
'4;'LINE;'0.00;'99.71600342
'4;'LINE;'1/1;'99.14560699
'4;'LINE;'R04497;'99.69407654
'4;'LINE;'14/01/2025;'99.87224579
'4;'LINE;'DLO*RAPPI COLOMBIA;'99.36653137
'4;'LINE;'294,033.00;'99.80388641
'4;'LINE;'0,0000;'99.60379791
'4;'LINE;'00,0000;'99.20519257
'4;'LINE;'294,033.00;'99.85271454
'4;'LINE;'0.00;'99.69726563
'4;'LINE;'1/1;'99.13584137
'4;'LINE;'R02676;'99.19543457
'4;'LINE;'13/01/2025;'99.68350983
'4;'LINE;'RAPPI*RAPPI COLOMBIA;'99.15218353
'4;'LINE;'35,600.00;'99.88201141
'4;'LINE;'0,0000;'99.45491791
'4;'LINE;'00,0000;'99.40449524
'4;'LINE;'35,600.00;'99.92187500
'4;'LINE;'0.00;'99.60937500
'4;'LINE;'1/1;'99.36443329
'4;'LINE;'R05795;'99.72417450
'4;'LINE;'13/01/2025;'99.40449524
'4;'LINE;'EL PATIO DEL MUSEO;'99.26598358
'4;'LINE;'44,796.00;'99.68350983
'4;'LINE;'0,0000;'99.41505432
'4;'LINE;'00,0000;'99.39472961
'4;'LINE;'44,796.00;'99.76243591
'4;'LINE;'0.00;'99.72576141
'4;'LINE;'1/1;'99.40270233
'4;'LINE;'R03079;'99.56393433
'4;'LINE;'13/01/2025;'99.84295654
'4;'LINE;'GRUPO EMPRESARIAL LA S;'97.74842072
'4;'LINE;'25,200.00;'99.81285858
'4;'LINE;'0,0000;'99.31501007
'4;'LINE;'00,0000;'99.43459320
'4;'LINE;'25,200.00;'99.85271454
'4;'LINE;'0.00;'99.49716949
'4;'LINE;'1/1;'99.29528046
'4;'LINE;'R02668;'99.77379608
'4;'LINE;'13/01/2025;'99.88281250
'4;'LINE;'EMCALI ETCE ESP;'98.99102020
'4;'LINE;'161,573.00;'99.73394012
'4;'LINE;'0,0000;'99.43459320
'4;'LINE;'00,0000;'98.91641235
'4;'LINE;'161,573.00;'99.80309296
'4;'LINE;'0.00;'99.54101563
'4;'LINE;'1/1;'99.13743591
'4;'LINE;'F04212;'99.75505829
'4;'LINE;'12/01/2025;'99.88281250
'4;'LINE;'DiDi CO Food;'88.41458130
'4;'LINE;'86,242.00;'99.84215546
'4;'LINE;'0,0000;'99.41505432
'4;'LINE;'00,0000;'99.20519257
'4;'LINE;'86,242.00;'99.88201141
'4;'LINE;'0.00;'99.53044891
'4;'LINE;'1/1;'99.40270233
'4;'LINE;'R00040;'99.56552887
'4;'LINE;'12/01/2025;'99.89257813
'4;'LINE;'ADOBE;'99.76322937
'4;'LINE;'333,200.00;'99.77379608
'4;'LINE;'0,0000;'99.35566711
'4;'LINE;'00,0000;'99.00669098
'4;'LINE;'333,200.00;'99.85271454
'4;'LINE;'0.00;'99.52069092
'4;'LINE;'1/1;'99.38317108
'4;'LINE;'R02129;'99.81365967
'4;'LINE;'12/01/2025;'99.91210938
'4;'LINE;'DLO*RAPPI;'99.48819733
'4;'LINE;'58,150.00;'99.88281250
'4;'LINE;'0,0000;'99.21655273
'4;'LINE;'00,0000;'99.04655457
'4;'LINE;'58,150.00;'99.84375000
'4;'LINE;'0.00;'99.56054688
'4;'LINE;'1/1;'99.34410858
'4;'LINE;'R02489;'99.81285858
'4;'LINE;'12/01/2025;'99.91210938
'4;'LINE;'DLO*RAPPI;'99.51750183
'4;'LINE;'62,450.00;'99.84295654
'4;'LINE;'0,0000;'99.17669678
'4;'LINE;'00,0000;'98.99772644
'4;'LINE;'62,450.00;'99.83318329
'4;'LINE;'0.00;'99.61914063
'4;'LINE;'1/1;'99.37340546
'4;'LINE;'R03267;'99.83238983
'4;'LINE;'12/01/2025;'99.71281433
'4;'LINE;'DLO*RAPPI;'99.52726746
'4;'LINE;'56,800.00;'99.91210938
'4;'LINE;'0,0000;'99.21575928
'4;'LINE;'00,0000;'99.00749207
'4;'LINE;'56,800.00;'99.89257813
'4;'LINE;'0.00;'99.63867188
'4;'LINE;'1/1;'99.33513641
'4;'LINE;'R07045;'99.71360779
'4;'LINE;'12/01/2025;'99.89257813
'4;'LINE;'DLO*RAPPI;'99.03918457
'4;'LINE;'44,850.00;'99.88201141
'4;'LINE;'0,0000;'99.40529633
'4;'LINE;'00,0000;'99.40529633
'4;'LINE;'44,850.00;'99.88281250
'4;'LINE;'0.00;'99.63867188
'4;'LINE;'1/1;'99.29528046
'4;'LINE;'R05443;'99.59402466
'4;'LINE;'11/01/2025;'99.89257813
'4;'LINE;'MOVISTAR PAGOSEPAYCO;'99.53742981
'4;'LINE;'166,175.00;'99.69567108
'4;'LINE;'0,0000;'99.23529053
'4;'LINE;'00,0000;'99.40529633
'4;'LINE;'166,175.00;'99.63628387
'4;'LINE;'0.00;'99.57031250
'4;'LINE;'1/1;'99.17570496
'4;'LINE;'T06195;'96.64600372
'4;'LINE;'08/01/2025;'99.92187500
'4;'LINE;'PPRO*MICROSOFT;'99.41426086
'4;'LINE;'42,990.00;'99.83318329
'4;'LINE;'0,0000;'99.09697723
'4;'LINE;'00,0000;'99.11650848
'4;'LINE;'42,990.00;'99.87304688
'4;'LINE;'0.00;'99.57031250
'4;'LINE;'1/1;'99.20500183
'4;'LINE;'C06203;'98.89608765
'4;'LINE;'03/01/2025;'99.89257813
'4;'LINE;'ABONO SUCURSAL VIRTUAL;'99.49584198
'4;'LINE;'3,191,670.00-;'98.68682098
'4;'LINE;'3,191,670.00-;'98.84387207
'4;'LINE;'0.00;'99.60937500
'4;'LINE;'F02495;'99.80309296
'4;'LINE;'03/01/2025;'99.91210938
'4;'LINE;'DiDi CO Food;'89.38995361
'4;'LINE;'46,394.00;'99.87304688
'4;'LINE;'0,0000;'99.16613770
'4;'LINE;'00,0000;'99.05712128
'4;'LINE;'46,394.00;'99.87304688
'4;'LINE;'0.00;'99.61914063
'4;'LINE;'1/1;'99.34490204
'4;'LINE;'F08545;'98.64795685
'4;'LINE;'03/01/2025;'99.91210938
'4;'LINE;'MC DONALD S;'97.39669800
'4;'LINE;'32,400.00;'99.89257813
'4;'LINE;'0,0000;'99.19543457
'4;'LINE;'00,0000;'98.95707703
'4;'LINE;'32,400.00;'99.87304688
'4;'LINE;'0.00;'99.60937500
'4;'LINE;'1/1;'99.36363983
'4;'LINE;'R09471;'99.76403046
'4;'LINE;'03/01/2025;'99.81285858
'4;'LINE;'EXITO WOW CHIPICHAPE;'98.72727966
'4;'LINE;'507,201.00;'99.68431091
'4;'LINE;'0,0000;'99.23529053
'4;'LINE;'00,0000;'99.32557678
'4;'LINE;'507,201.00;'99.72337341
'4;'LINE;'0.00;'99.69726563
'4;'LINE;'1/1;'99.10734558
'4;'LINE;'R00988;'99.52567291
'4;'LINE;'03/01/2025;'99.85271454
'4;'LINE;'INVERSIONES TNS CHIPIC;'99.42037201
'4;'LINE;'20,600.00;'99.75347137
'4;'LINE;'0,0000;'99.27515411
'4;'LINE;'00,0000;'99.31581116
'4;'LINE;'20,600.00;'99.68350983
'4;'LINE;'0.00;'99.69726563
'4;'LINE;'1/1;'99.48242188
'4;'LINE;'R01874;'99.69487000
'4;'LINE;'03/01/2025;'99.85271454
'4;'LINE;'DLO*RAPPI;'99.09857178
'4;'LINE;'82,950.00;'99.85271454
'4;'LINE;'0,0000;'99.19543457
'4;'LINE;'00,0000;'98.37950134
'4;'LINE;'82,950.00;'99.84295654
'4;'LINE;'0.00;'99.71679688
'4;'LINE;'1/1;'99.38317108
'4;'LINE;'R08903;'98.84805298
'4;'LINE;'03/01/2025;'99.85271454
'4;'LINE;'ANANDA TALLER DULCE AR;'99.34799957
'4;'LINE;'47,400.00;'99.85351563
'4;'LINE;'0,0000;'99.05632019
'4;'LINE;'00,0000;'99.31581116
'4;'LINE;'47,400.00;'99.88281250
'4;'LINE;'0.00;'99.69726563
'4;'LINE;'1/1;'99.38317108
'4;'LINE;'R00113;'99.67534637
'4;'LINE;'31/12/2024;'99.84295654
'4;'LINE;'RAPPI*RAPPI COLOMBIA;'99.09478760
'4;'LINE;'72,500.00;'99.89257813
'4;'LINE;'0,0000;'99.29547882
'4;'LINE;'00,0000;'98.77809906
'4;'LINE;'29,969.44;'99.83318329
'4;'LINE;'0.00;'99.69726563
'4;'LINE;'1/1;'99.36284637
'4;'LINE;'R06284;'98.72030640
'4;'LINE;'31/12/2024;'99.83318329
'4;'LINE;'DLO*RAPPI;'99.47763824
'4;'LINE;'64,350.00;'99.85271454
'4;'LINE;'0,0000;'99.47525024
'4;'LINE;'00,0000;'98.89767456
'4;'LINE;'64,350.00;'99.85271454
'4;'LINE;'0.00;'99.61914063
'4;'LINE;'1/1;'99.30424500
'4;'LINE;'R02173;'99.20918274
'4;'LINE;'30/12/2024;'99.89257813
'4;'LINE;'DLO*RAPPI;'99.39791870
'4;'LINE;'37,650.00;'99.84375000
'4;'LINE;'0.00;'99.61914063
'4;'LINE;'0.00;'99.63867188
'4;'LINE;'1/1;'99.24804688
'4;'LINE;'Establecimiento Bancario.;'84.97179413
'4;'LINE;'BANCOLOMBIA S.A.;'91.18428040
'4;'LINE;'SUPERINTENDENCIA FINANCIERA;'76.55483246
'4;'LINE;'DE COLOMBIA;'89.25796509
'4;'LINE;'VIGILADO;'95.00737000
'4;'LINE;'DCF:defensor@bancolombia.com.co;
'4;'LINE;'Pag.;'99.40190125
'4;'LINE;'2/2;'88.68403625
